{
  "images": [
    {
      "filename": "AppIcon-512@2x.png",
      "idiom": "universal",
      "platform": "ios",
      "size": "1024x1024"
    },
    {
      "idiom": "ipad",
      "size": "20x20",
      "scale": "1x",
      "filename": "AppIcon-20x20@1x.png"
    },
    {
      "idiom": "iphone",
      "size": "20x20",
      "scale": "2x",
      "filename": "AppIcon-20x20@2x.png"
    },
    {
      "idiom": "ipad",
      "size": "20x20",
      "scale": "2x",
      "filename": "AppIcon-20x20@2x-1.png"
    },
    {
      "idiom": "iphone",
      "size": "20x20",
      "scale": "3x",
      "filename": "AppIcon-20x20@3x.png"
    },
    {
      "idiom": "ipad",
      "size": "29x29",
      "scale": "1x",
      "filename": "AppIcon-29x29@1x.png"
    },
    {
      "idiom": "iphone",
      "size": "29x29",
      "scale": "2x",
      "filename": "AppIcon-29x29@2x.png"
    },
    {
      "idiom": "ipad",
      "size": "29x29",
      "scale": "2x",
      "filename": "AppIcon-29x29@2x-1.png"
    },
    {
      "idiom": "iphone",
      "size": "29x29",
      "scale": "3x",
      "filename": "AppIcon-29x29@3x.png"
    },
    {
      "idiom": "ipad",
      "size": "40x40",
      "scale": "1x",
      "filename": "AppIcon-40x40@1x.png"
    },
    {
      "idiom": "iphone",
      "size": "40x40",
      "scale": "2x",
      "filename": "AppIcon-40x40@2x.png"
    },
    {
      "idiom": "ipad",
      "size": "40x40",
      "scale": "2x",
      "filename": "AppIcon-40x40@2x-1.png"
    },
    {
      "idiom": "iphone",
      "size": "40x40",
      "scale": "3x",
      "filename": "AppIcon-40x40@3x.png"
    },
    {
      "idiom": "iphone",
      "size": "60x60",
      "scale": "2x",
      "filename": "AppIcon-60x60@2x.png"
    },
    {
      "idiom": "iphone",
      "size": "60x60",
      "scale": "3x",
      "filename": "AppIcon-60x60@3x.png"
    },
    {
      "idiom": "ipad",
      "size": "76x76",
      "scale": "1x",
      "filename": "AppIcon-76x76@1x.png"
    },
    {
      "idiom": "ipad",
      "size": "76x76",
      "scale": "2x",
      "filename": "AppIcon-76x76@2x.png"
    },
    {
      "idiom": "ipad",
      "size": "83.5x83.5",
      "scale": "2x",
      "filename": "AppIcon-83.5x83.5@2x.png"
    },
    {
      "idiom": "ios-marketing",
      "size": "1024x1024",
      "scale": "1x",
      "filename": "AppIcon-512@2x.png"
    }
  ],
  "info": {
    "author": "xcode",
    "version": 1
  }
}